OwnX,OwnY,OwnW,OwnDir,OwnDist,,,
1,-82,150,-179,133,,,
1,-82,150,-179,133,,,
1,-82,150,-179,133,,,
1,-82,150,-179,133,,,
1,-82,150,-179,1,,,
1,-82,150,-179,1,,,
1,-82,150,-179,1,,,-0.001
1,-82,150,-179,1,,,
1,-82,150,-179,1,,,
1,-82,150,-179,1,,,
1,-82,150,-179,1,,,
1,-83,150,-179,1,,,
1,-83,150,-179,1,,,
1,-83,150,-179,1,,,
1,-82,151,-179,1,,,
1,-82,151,-179,1,,,
1,-82,151,-179,1,,,
1,-82,151,-179,1,,,
1,-83,150,-179,134,,,
1,-83,150,-179,134,,,
1,-83,150,-179,134,,,
1,-82,150,-179,134,,,
1,-82,150,-179,134,,,
1,-82,150,-179,134,,,
1,-83,150,-179,1,,,
1,-83,150,-179,1,,,
1,-83,150,-179,1,,,
0,-83,150,-180,1,,,
0,-83,150,-180,1,,,
0,-83,150,-180,1,,,
0,-83,150,-180,1,,,
1,-82,150,-179,1,,,
1,-82,150,-179,1,,,
1,-82,150,-179,1,,,
1,-83,150,-179,1,,,
1,-83,150,-179,1,,,
1,-83,150,-179,1,,,
1,-83,150,-179,1,,,
1,-83,150,-179,1,,,
1,-83,150,-179,1,,,
0,-83,150,-180,133,,,
0,-83,150,-180,133,,,
0,-83,150,-180,133,,,
0,-83,150,-180,133,,,
1,-82,151,-179,134,,,
1,-82,151,-179,134,,,
1,-82,151,-179,134,,,
1,-82,150,-179,1,,,
1,-82,150,-179,1,,,
1,-82,150,-179,1,,,
0,-83,150,-180,1,,,
0,-83,150,-180,1,,,
0,-83,150,-180,1,,,
1,-83,150,-179,133,,,
1,-83,150,-179,133,,,
1,-83,150,-179,133,,,
1,-83,150,-179,133,,,
1,-82,150,-179,134,,,
1,-82,150,-179,134,,,
1,-82,150,-179,134,,,
1,-83,150,-179,134,,,
1,-83,150,-179,134,,,
1,-83,150,-179,134,,,
1,-82,150,-179,1,,,
1,-82,150,-179,1,,,
1,-82,150,-179,1,,,
1,-82,150,-179,1,,,
1,-82,150,-179,1,,,
1,-82,150,-179,1,,,
1,-82,150,-179,1,,,
1,-83,150,-179,1,,,
1,-83,150,-179,1,,,
1,-83,150,-179,1,,,
1,-83,150,-179,133,,,
1,-83,150,-179,133,,,
1,-83,150,-179,133,,,
1,-82,150,-179,1,,,
1,-82,150,-179,1,,,
1,-82,150,-179,1,,,
1,-82,150,-179,1,,,
1,-83,150,-179,1,,,
1,-83,150,-179,1,,,
1,-83,150,-179,1,,,
0,-83,150,-180,1,,,
0,-83,150,-180,1,,,
0,-83,150,-180,1,,,
0,-83,150,-180,1,,,
0,-83,150,-180,1,,,
0,-83,150,-180,1,,,
1,-83,150,-179,1,,,
1,-83,150,-179,1,,,
1,-83,150,-179,1,,,
1,-83,150,-179,1,,,
0,-83,150,-180,1,,,
0,-83,150,-180,1,,,
0,-83,150,-180,1,,,
1,-83,150,-179,1,,,
1,-83,150,-179,1,,,
1,-83,150,-179,1,,,
0,-83,151,-180,1,,,
0,-83,151,-180,1,,,
0,-83,151,-180,1,,,
0,-83,151,-180,1,,,
1,-82,150,-179,1,,,
1,-82,150,-179,1,,,
1,-82,150,-179,1,,,
1,-83,150,-179,133,,,
1,-83,150,-179,133,,,
1,-83,150,-179,133,,,
1,-83,150,-179,1,,,
1,-83,150,-179,1,,,
1,-83,150,-179,1,,,
1,-83,151,-179,1,,,
1,-83,151,-179,1,,,
1,-83,151,-179,1,,,
1,-83,151,-179,1,,,
1,-83,148,-179,133,,,
1,-83,148,-179,133,,,
1,-83,148,-179,133,,,
1,-83,150,-179,1,,,
1,-83,150,-179,1,,,
1,-83,150,-179,1,,,
-1,-82,150,179,1,,,
-1,-82,150,179,1,,,
-1,-82,150,179,1,,,
-2,-82,150,178,133,,,
-2,-82,150,178,133,,,
-2,-82,150,178,133,,,
-2,-82,150,178,133,,,
-3,-82,149,177,1,,,
-3,-82,149,177,1,,,
-3,-82,149,177,1,,,
-4,-82,148,177,133,,,
-4,-82,148,177,133,,,
-4,-82,148,177,133,,,
-4,-82,148,177,1,,,
-4,-82,148,177,1,,,
-4,-82,148,177,1,,,
-4,-82,148,177,136,,,
-4,-82,148,177,136,,,
-4,-82,148,177,136,,,
-4,-82,148,177,136,,,
-2,-82,149,178,133,,,
-2,-82,149,178,133,,,
-2,-82,149,178,133,,,
-1,-83,148,179,1,,,
-1,-83,148,179,1,,,
-1,-83,148,179,1,,,
0,-83,148,-180,1,,,
0,-83,148,-180,1,,,
0,-83,148,-180,1,,,
0,-83,148,-180,1,,,
-2,-83,150,178,133,,,
-2,-83,150,178,133,,,
-2,-83,150,178,133,,,
-5,-82,147,176,132,,,
-5,-82,147,176,132,,,
-5,-82,147,176,132,,,
-11,-83,146,172,134,,,
-11,-83,146,172,134,,,
-11,-83,146,172,134,,,
-14,-82,141,170,129,,,
-14,-82,141,170,129,,,
-14,-82,141,170,129,,,
-14,-82,141,170,129,,,
-16,-82,140,168,127,,,
-16,-82,140,168,127,,,
-16,-82,140,168,127,,,
-16,-82,140,168,126,,,
-16,-82,140,168,126,,,
-16,-82,140,168,126,,,
-14,-82,141,170,130,,,
-14,-82,141,170,130,,,
-14,-82,141,170,130,,,
-10,-82,141,173,130,,,
-10,-82,141,173,130,,,
-10,-82,141,173,130,,,
-10,-82,141,173,130,,,
-9,-82,142,173,131,,,
-9,-82,142,173,131,,,
-9,-82,142,173,131,,,
-9,-83,145,173,133,,,
-9,-83,145,173,133,,,
-9,-83,145,173,133,,,
-6,-82,143,175,1,,,
-6,-82,143,175,1,,,
-6,-82,143,175,1,,,
-6,-83,143,175,1,,,
-6,-83,143,175,1,,,
-6,-83,143,175,1,,,
-6,-83,143,175,1,,,
-8,-82,143,174,1,,,
-8,-82,143,174,1,,,
-8,-82,143,174,1,,,
-10,-82,141,173,135,,,
-10,-82,141,173,135,,,
-10,-82,141,173,135,,,
-13,-83,140,171,1,,,
-13,-83,140,171,1,,,
-13,-83,140,171,1,,,
-13,-83,138,171,135,,,
-13,-83,138,171,135,,,
-13,-83,138,171,135,,,
-13,-83,138,171,135,,,
-13,-83,138,171,131,,,
-13,-83,138,171,131,,,
-13,-83,138,171,131,,,
-12,-83,137,171,131,,,
-12,-83,137,171,131,,,
-12,-83,137,171,131,,,
-11,-83,140,172,1,,,
-11,-83,140,172,1,,,
-11,-83,140,172,1,,,
-12,-83,137,171,132,,,
-12,-83,137,171,132,,,
-12,-83,137,171,132,,,
-13,-83,138,171,136,,,
-13,-83,138,171,136,,,
-13,-83,138,171,136,,,
-13,-83,138,171,136,,,
-16,-82,140,168,131,,,
-16,-82,140,168,131,,,
-16,-82,140,168,131,,,
-20,-81,135,166,128,,,
-20,-81,135,166,128,,,
-20,-81,135,166,128,,,
-22,-80,130,164,128,,,
-22,-80,130,164,128,,,
-22,-80,130,164,128,,,
-22,-80,128,164,129,,,
-22,-80,128,164,129,,,
-22,-80,128,164,129,,,
-22,-80,128,164,129,,,
-20,-81,135,166,132,,,
-20,-81,135,166,132,,,
-20,-81,135,166,132,,,
-20,-81,130,166,138,,,
-20,-81,130,166,138,,,
-20,-81,130,166,138,,,
-21,-80,130,165,131,,,
-21,-80,130,165,131,,,
-21,-80,130,165,131,,,
-24,-78,132,162,130,,,
-24,-78,132,162,130,,,
-24,-78,132,162,130,,,
-24,-78,132,162,130,,,
-29,-76,126,159,96,,,
-29,-76,126,159,96,,,
-29,-76,126,159,96,,,
-31,-75,126,157,128,,,
-31,-75,126,157,128,,,
-31,-75,126,157,128,,,
-34,-75,116,155,127,,,
-34,-75,116,155,127,,,
-34,-75,116,155,127,,,
-33,-75,113,156,128,,,
-33,-75,113,156,128,,,
-33,-75,113,156,128,,,
-33,-75,113,156,128,,,
-33,-75,112,156,134,,,
-33,-75,112,156,134,,,
-33,-75,112,156,134,,,
-36,-74,114,154,128,,,
-36,-74,114,154,128,,,
-36,-74,114,154,128,,,
-39,-72,114,151,126,,,
-39,-72,114,151,126,,,
-39,-72,114,151,126,,,
-42,-71,102,149,126,,,
-42,-71,102,149,126,,,
-42,-71,102,149,126,,,
-42,-71,100,149,126,,,
-42,-71,100,149,126,,,
-42,-71,100,149,126,,,
-42,-71,100,149,126,,,
-42,-71,100,149,126,,,
-42,-71,100,149,126,,,
-42,-71,100,149,126,,,
-43,-70,102,148,127,,,
-43,-70,102,148,127,,,
-43,-70,102,148,127,,,
-46,-69,101,146,126,,,
-46,-69,101,146,126,,,
-46,-69,101,146,126,,,
-55,-65,136,139,126,,,
-55,-65,136,139,126,,,
-55,-65,136,139,126,,,
-55,-65,136,139,126,,,
-52,-65,114,141,129,,,
-52,-65,114,141,129,,,
-52,-65,114,141,129,,,
-59,-62,136,136,129,,,
-59,-62,136,136,129,,,
-59,-62,136,136,129,,,
-63,-61,144,134,128,,,
-63,-61,144,134,128,,,
-63,-61,144,134,128,,,
-55,-61,106,137,128,,,
-55,-61,106,137,128,,,
-55,-61,106,137,128,,,
-55,-61,95,137,81,,,
-55,-61,95,137,81,,,
-55,-61,95,137,81,,,
-55,-61,95,137,81,,,
-57,-60,95,136,127,,,
-57,-60,95,136,127,,,
-57,-60,95,136,127,,,
-59,-57,101,134,130,,,
-59,-57,101,134,130,,,
-59,-57,101,134,130,,,
-59,-57,92,134,127,,,
-59,-57,92,134,127,,,
-59,-57,92,134,127,,,
-60,-56,91,133,132,,,
-60,-56,91,133,132,,,
-60,-56,91,133,132,,,
-60,-56,91,133,132,,,
-60,-54,89,131,130,,,
-60,-54,89,131,130,,,
-60,-54,89,131,130,,,
-61,-54,91,131,132,,,
-61,-54,91,131,132,,,
-61,-54,91,131,132,,,
-62,-52,91,129,78,,,
-62,-52,91,129,78,,,
-62,-52,91,129,78,,,
-62,-50,89,128,136,,,
-62,-50,89,128,136,,,
-62,-50,89,128,136,,,
-62,-50,89,128,136,,,
-63,-49,92,127,128,,,
-63,-49,92,127,128,,,
-63,-49,92,127,128,,,
-62,-49,90,128,134,,,
-62,-49,90,128,134,,,
-62,-49,90,128,134,,,
-59,-51,90,130,134,,,
-59,-51,90,130,134,,,
-59,-51,90,130,134,,,
-56,-50,91,131,131,,,
-56,-50,91,131,131,,,
-56,-50,91,131,131,,,
-56,-50,91,131,131,,,
-56,-51,90,132,135,,,
-56,-51,90,132,135,,,
-56,-51,90,132,135,,,
-54,-49,88,132,132,,,
-54,-49,88,132,132,,,
-54,-49,88,132,132,,,
-55,-49,87,131,133,,,
-55,-49,87,131,133,,,
-55,-49,87,131,133,,,
-56,-48,86,130,133,,,
-56,-48,86,130,133,,,
-56,-48,86,130,133,,,
-56,-48,86,130,133,,,
-57,-48,90,130,133,,,
-57,-48,90,130,133,,,
-57,-48,90,130,133,,,
-58,-48,91,129,133,,,
-58,-48,91,129,133,,,
-58,-48,91,129,133,,,
-60,-45,90,126,138,,,
-60,-45,90,126,138,,,
-60,-45,90,126,138,,,
-60,-45,92,126,138,,,
-60,-45,92,126,138,,,
-60,-45,92,126,138,,,
-60,-45,92,126,138,,,
-59,-44,93,126,138,,,
-59,-44,93,126,138,,,
-59,-44,93,126,138,,,
-57,-50,90,131,134,,,
-57,-50,90,131,134,,,
-57,-50,90,131,134,,,
-55,-53,92,133,131,,,
-55,-53,92,133,131,,,
-55,-53,92,133,131,,,
-54,-55,94,135,132,,,
-54,-55,94,135,132,,,
-54,-55,94,135,132,,,
-54,-55,94,135,132,,,
-54,-55,94,135,132,,,
-54,-55,94,135,132,,,
-54,-55,94,135,132,,,
-53,-57,98,137,131,,,
-53,-57,98,137,131,,,
-53,-57,98,137,131,,,
-51,-59,94,139,127,,,
-51,-59,94,139,127,,,
-51,-59,94,139,127,,,
-52,-60,97,139,131,,,
-52,-60,97,139,131,,,
-52,-60,97,139,131,,,
-52,-60,97,139,131,,,
-53,-60,98,138,130,,,
-53,-60,98,138,130,,,
-53,-60,98,138,130,,,
-55,-57,99,136,78,,,
-55,-57,99,136,78,,,
-55,-57,99,136,78,,,
-58,-55,112,133,80,,,
-58,-55,112,133,80,,,
-58,-55,112,133,80,,,
-58,-54,99,132,129,,,
-58,-54,99,132,129,,,
-58,-54,99,132,129,,,
-58,-54,99,132,129,,,
-63,-54,142,130,129,,,
-63,-54,142,130,129,,,
-63,-54,142,130,129,,,
-53,-60,102,138,82,,,
-53,-60,102,138,82,,,
-53,-60,102,138,82,,,
-58,-61,144,136,128,,,
-58,-61,144,136,128,,,
-58,-61,144,136,128,,,
-57,-61,133,136,84,,,
-57,-61,133,136,84,,,
-57,-61,133,136,84,,,
-57,-61,133,136,84,,,
-53,-61,99,139,84,,,
-53,-61,99,139,84,,,
-53,-61,99,139,84,,,
-54,-60,98,138,128,,,
-54,-60,98,138,128,,,
-54,-60,98,138,128,,,
-56,-58,100,136,131,,,
-56,-58,100,136,131,,,
-56,-58,100,136,131,,,
-57,-57,106,135,129,,,
-57,-57,106,135,129,,,
-57,-57,106,135,129,,,
-57,-57,106,135,129,,,
-57,-56,96,134,138,,,
-57,-56,96,134,138,,,
-57,-56,96,134,138,,,
-59,-55,96,132,79,,,
-59,-55,96,132,79,,,
-59,-55,96,132,79,,,
-60,-53,96,131,136,,,
-60,-53,96,131,136,,,
-60,-53,96,131,136,,,
-61,-52,91,130,138,,,
-61,-52,91,130,138,,,
-61,-52,91,130,138,,,
-61,-52,91,130,138,,,
-62,-51,92,129,136,,,
-62,-51,92,129,136,,,
-62,-51,92,129,136,,,
-64,-49,88,127,135,,,
-64,-49,88,127,135,,,
-64,-49,88,127,135,,,
-66,-47,92,125,135,,,
-66,-47,92,125,135,,,
-66,-47,92,125,135,,,
-66,-46,88,124,135,,,
-66,-46,88,124,135,,,
-66,-46,88,124,135,,,
-66,-46,84,124,135,,,
-66,-46,84,124,135,,,
-66,-46,84,124,135,,,
-66,-46,84,124,135,,,
-66,-46,84,124,135,,,
-66,-46,84,124,135,,,
-66,-46,84,124,135,,,
-67,-45,92,123,135,,,
-67,-45,92,123,135,,,
-67,-45,92,123,135,,,
-67,-45,90,123,134,,,
-67,-45,90,123,134,,,
-67,-45,90,123,134,,,
-65,-47,90,125,136,,,
-65,-47,90,125,136,,,
-65,-47,90,125,136,,,
-65,-47,90,125,136,,,
-64,-49,91,127,136,,,
-64,-49,91,127,136,,,
-64,-49,91,127,136,,,
-62,-52,91,129,133,,,
-62,-52,91,129,133,,,
-62,-52,91,129,133,,,
-60,-54,94,131,133,,,
-60,-54,94,131,133,,,
-60,-54,94,131,133,,,
-59,-55,92,132,131,,,
-59,-55,92,132,131,,,
-59,-55,92,132,131,,,
-59,-55,92,132,131,,,
-61,-54,93,131,135,,,
-61,-54,93,131,135,,,
-61,-54,93,131,135,,,
-62,-52,92,129,138,,,
-62,-52,92,129,138,,,
-62,-52,92,129,138,,,
-62,-52,93,129,139,,,
-62,-52,93,129,139,,,
-62,-52,93,129,139,,,
-60,-56,93,133,126,,,
-60,-56,93,133,126,,,
-60,-56,93,133,126,,,
-60,-56,93,133,126,,,
-57,-60,95,136,132,,,
-57,-60,95,136,132,,,
-57,-60,95,136,132,,,
-56,-60,104,136,126,,,
-56,-60,104,136,126,,,
-56,-60,104,136,126,,,
-57,-59,104,135,128,,,
-57,-59,104,135,128,,,
-57,-59,104,135,128,,,
-65,-57,140,131,79,,,
-65,-57,140,131,79,,,
-65,-57,140,131,79,,,
-65,-57,140,131,79,,,
-58,-59,108,135,126,,,
-58,-59,108,135,126,,,
-58,-59,108,135,126,,,
-58,-61,130,136,83,,,
-58,-61,130,136,83,,,
-58,-61,130,136,83,,,
-49,-66,97,143,133,,,
-49,-66,97,143,133,,,
-49,-66,97,143,133,,,
-48,-68,95,144,126,,,
-48,-68,95,144,126,,,
-48,-68,95,144,126,,,
-48,-68,95,144,126,,,
-49,-67,100,143,127,,,
-49,-67,100,143,127,,,
-49,-67,100,143,127,,,
-55,-64,133,139,128,,,
-55,-64,133,139,128,,,
-55,-64,133,139,128,,,
-55,-65,138,139,127,,,
-55,-65,138,139,127,,,
-55,-65,138,139,127,,,
-45,-70,100,147,127,,,
-45,-70,100,147,127,,,
-45,-70,100,147,127,,,
-45,-70,100,147,127,,,
-43,-72,100,149,127,,,
-43,-72,100,149,127,,,
-43,-72,100,149,127,,,
-44,-72,101,148,125,,,
-44,-72,101,148,125,,,
-44,-72,101,148,125,,,
-52,-68,142,142,131,,,
-52,-68,142,142,131,,,
-52,-68,142,142,131,,,
-46,-69,100,146,1,,,
-46,-69,100,146,1,,,
-46,-69,100,146,1,,,
-46,-69,100,146,1,,,
-42,-72,110,149,124,,,
-42,-72,110,149,124,,,
-42,-72,110,149,124,,,
-37,-74,110,153,126,,,
-37,-74,110,153,126,,,
-37,-74,110,153,126,,,
-32,-77,112,157,126,,,
-32,-77,112,157,126,,,
-32,-77,112,157,126,,,
-33,-78,108,157,128,,,
-33,-78,108,157,128,,,
-33,-78,108,157,128,,,
-33,-78,108,157,128,,,
-31,-78,124,158,126,,,
-31,-78,124,158,126,,,
-31,-78,124,158,126,,,
-29,-79,128,159,1,,,
-29,-79,128,159,1,,,
-29,-79,128,159,1,,,
-28,-81,114,160,127,,,
-28,-81,114,160,127,,,
-28,-81,114,160,127,,,
-23,-82,122,164,133,,,
-23,-82,122,164,133,,,
-23,-82,122,164,133,,,
-23,-82,122,164,133,,,
-21,-83,126,165,127,,,
-21,-83,126,165,127,,,
-21,-83,126,165,127,,,
-21,-83,130,165,133,,,
-21,-83,130,165,133,,,
-21,-83,130,165,133,,,
-19,-84,124,167,98,,,
-19,-84,124,167,98,,,
-19,-84,124,167,98,,,
-15,-85,129,169,135,,,
-15,-85,129,169,135,,,
-15,-85,129,169,135,,,
-15,-85,129,169,135,,,
-13,-85,126,171,135,,,
-13,-85,126,171,135,,,
-13,-85,126,171,135,,,
-15,-85,128,169,130,,,
-15,-85,128,169,130,,,
-15,-85,128,169,130,,,
-16,-84,126,169,128,,,
-16,-84,126,169,128,,,
-16,-84,126,169,128,,,
-15,-84,128,169,128,,,
-15,-84,128,169,128,,,
-15,-84,128,169,128,,,
-11,-84,130,172,135,,,
-11,-84,130,172,135,,,
-11,-84,130,172,135,,,
-11,-84,130,172,135,,,
-9,-84,132,173,1,,,
-9,-84,132,173,1,,,
-9,-84,132,173,1,,,
-8,-84,135,174,134,,,
-8,-84,135,174,134,,,
-8,-84,135,174,134,,,
-6,-84,140,175,1,,,
-6,-84,140,175,1,,,
-6,-84,140,175,1,,,
-1,-84,143,179,134,,,
-1,-84,143,179,134,,,
-1,-84,143,179,134,,,
-1,-84,143,179,134,,,
5,-84,144,-176,1,,,
5,-84,144,-176,1,,,
5,-84,144,-176,1,,,
7,-84,146,-175,1,,,
7,-84,146,-175,1,,,
7,-84,146,-175,1,,,
7,-84,146,-175,1,,,
7,-84,146,-175,1,,,
7,-84,146,-175,1,,,
7,-84,146,-175,1,,,
5,-84,146,-176,134,,,
5,-84,146,-176,134,,,
5,-84,146,-176,134,,,
3,-84,144,-177,1,,,
3,-84,144,-177,1,,,
3,-84,144,-177,1,,,
5,-85,144,-176,1,,,
5,-85,144,-176,1,,,
5,-85,144,-176,1,,,
9,-85,142,-173,1,,,
9,-85,142,-173,1,,,
9,-85,142,-173,1,,,
9,-85,142,-173,1,,,
12,-84,143,-171,1,,,
12,-84,143,-171,1,,,
12,-84,143,-171,1,,,
13,-85,142,-171,1,,,
13,-85,142,-171,1,,,
13,-85,142,-171,1,,,
13,-85,142,-171,1,,,
13,-85,142,-171,1,,,
13,-85,142,-171,1,,,
16,-84,142,-169,1,,,
16,-84,142,-169,1,,,
16,-84,142,-169,1,,,
16,-84,142,-169,1,,,
21,-84,144,-165,1,,,
21,-84,144,-165,1,,,
21,-84,144,-165,1,,,
26,-83,142,-162,1,,,
26,-83,142,-162,1,,,
26,-83,142,-162,1,,,
31,-81,142,-159,1,,,
31,-81,142,-159,1,,,
31,-81,142,-159,1,,,
31,-81,142,-159,1,,,
31,-81,140,-159,1,,,
31,-81,140,-159,1,,,
31,-81,140,-159,1,,,
28,-82,140,-161,1,,,
28,-82,140,-161,1,,,
28,-82,140,-161,1,,,
27,-83,138,-161,1,,,
27,-83,138,-161,1,,,
27,-83,138,-161,1,,,
29,-82,137,-160,1,,,
29,-82,137,-160,1,,,
29,-82,137,-160,1,,,
29,-82,137,-160,1,,,
31,-82,137,-159,1,,,
31,-82,137,-159,1,,,
31,-82,137,-159,1,,,
34,-81,134,-157,1,,,
34,-81,134,-157,1,,,
34,-81,134,-157,1,,,
34,-82,132,-157,1,,,
34,-82,132,-157,1,,,
34,-82,132,-157,1,,,
34,-82,128,-157,1,,,
34,-82,128,-157,1,,,
34,-82,128,-157,1,,,
34,-82,128,-157,1,,,
35,-82,126,-156,1,,,
35,-82,126,-156,1,,,
35,-82,126,-156,1,,,
38,-81,127,-154,1,,,
38,-81,127,-154,1,,,
38,-81,127,-154,1,,,
42,-80,124,-152,1,,,
42,-80,124,-152,1,,,
42,-80,124,-152,1,,,
42,-80,124,-152,1,,,
45,-78,127,-150,1,,,
45,-78,127,-150,1,,,
45,-78,127,-150,1,,,
48,-77,118,-148,1,,,
48,-77,118,-148,1,,,
48,-77,118,-148,1,,,
50,-75,112,-146,1,,,
50,-75,112,-146,1,,,
50,-75,112,-146,1,,,
50,-75,112,-146,1,,,
53,-75,112,-144,1,,,
53,-75,112,-144,1,,,
53,-75,112,-144,1,,,
57,-74,110,-142,1,,,
57,-74,110,-142,1,,,
57,-74,110,-142,1,,,
60,-72,106,-140,1,,,
60,-72,106,-140,1,,,
60,-72,106,-140,1,,,
61,-71,106,-139,1,,,
61,-71,106,-139,1,,,
61,-71,106,-139,1,,,
61,-71,106,-139,1,,,
60,-69,105,-138,1,,,
60,-69,105,-138,1,,,
60,-69,105,-138,1,,,
61,-69,103,-138,1,,,
61,-69,103,-138,1,,,
61,-69,103,-138,1,,,
62,-69,103,-138,1,,,
62,-69,103,-138,1,,,
62,-69,103,-138,1,,,
63,-69,104,-137,1,,,
63,-69,104,-137,1,,,
63,-69,104,-137,1,,,
63,-69,104,-137,1,,,
65,-68,108,-136,1,,,
65,-68,108,-136,1,,,
65,-68,108,-136,1,,,
65,-68,104,-136,1,,,
65,-68,104,-136,1,,,
65,-68,104,-136,1,,,
67,-67,106,-135,1,,,
67,-67,106,-135,1,,,
67,-67,106,-135,1,,,
68,-65,110,-133,1,,,
68,-65,110,-133,1,,,
68,-65,110,-133,1,,,
68,-65,110,-133,1,,,
69,-63,105,-132,1,,,
69,-63,105,-132,1,,,
69,-63,105,-132,1,,,
70,-63,104,-131,1,,,
70,-63,104,-131,1,,,
70,-63,104,-131,1,,,
72,-62,106,-130,1,,,
72,-62,106,-130,1,,,
72,-62,106,-130,1,,,
72,-62,106,-130,1,,,
73,-61,106,-129,1,,,
73,-61,106,-129,1,,,
73,-61,106,-129,1,,,
73,-58,103,-128,1,,,
73,-58,103,-128,1,,,
73,-58,103,-128,1,,,
74,-56,105,-127,1,,,
74,-56,105,-127,1,,,
74,-56,105,-127,1,,,
75,-55,104,-126,1,,,
75,-55,104,-126,1,,,
75,-55,104,-126,1,,,
75,-55,104,-126,1,,,
76,-52,104,-124,1,,,
76,-52,104,-124,1,,,
76,-52,104,-124,1,,,
79,-51,107,-122,1,,,
79,-51,107,-122,1,,,
79,-51,107,-122,1,,,
81,-49,105,-121,1,,,
81,-49,105,-121,1,,,
81,-49,105,-121,1,,,
81,-49,105,-121,1,,,
80,-44,104,-118,1,,,
80,-44,104,-118,1,,,
80,-44,104,-118,1,,,
81,-40,108,-116,1,,,
81,-40,108,-116,1,,,
81,-40,108,-116,1,,,
83,-38,106,-114,1,,,
83,-38,106,-114,1,,,
83,-38,106,-114,1,,,
85,-36,106,-112,1,,,
85,-36,106,-112,1,,,
85,-36,106,-112,1,,,
85,-36,106,-112,1,,,
84,-33,108,-111,1,,,
84,-33,108,-111,1,,,
84,-33,108,-111,1,,,
84,-32,106,-110,1,,,
84,-32,106,-110,1,,,
84,-32,106,-110,1,,,
86,-31,105,-109,1,,,
86,-31,105,-109,1,,,
86,-31,105,-109,1,,,
88,-29,106,-108,1,,,
88,-29,106,-108,1,,,
88,-29,106,-108,1,,,
88,-29,106,-108,1,,,
88,-27,102,-107,1,,,
88,-27,102,-107,1,,,
88,-27,102,-107,1,,,
90,-25,100,-105,1,,,
90,-25,100,-105,1,,,
90,-25,100,-105,1,,,
91,-25,104,-105,1,,,
91,-25,104,-105,1,,,
91,-25,104,-105,1,,,
100,-35,112,-109,1,,,
100,-35,112,-109,1,,,
100,-35,112,-109,1,,,
100,-35,112,-109,1,,,
89,-34,98,-110,1,,,
89,-34,98,-110,1,,,
89,-34,98,-110,1,,,
88,-36,100,-112,1,,,
88,-36,100,-112,1,,,
88,-36,100,-112,1,,,
88,-39,100,-113,1,,,
88,-39,100,-113,1,,,
88,-39,100,-113,1,,,
86,-40,98,-114,1,,,
86,-40,98,-114,1,,,
86,-40,98,-114,1,,,
86,-40,98,-114,1,,,
87,-43,98,-116,1,,,
87,-43,98,-116,1,,,
87,-43,98,-116,1,,,
85,-45,98,-117,1,,,
85,-45,98,-117,1,,,
85,-45,98,-117,1,,,
83,-48,98,-120,1,,,
83,-48,98,-120,1,,,
83,-48,98,-120,1,,,
83,-48,98,-120,1,,,
81,-51,98,-122,1,,,
81,-51,98,-122,1,,,
81,-51,98,-122,1,,,
79,-55,99,-124,1,,,
79,-55,99,-124,1,,,
79,-55,99,-124,1,,,
76,-56,99,-126,1,,,
76,-56,99,-126,1,,,
76,-56,99,-126,1,,,
76,-59,102,-127,1,,,
76,-59,102,-127,1,,,
76,-59,102,-127,1,,,
76,-59,102,-127,1,,,
75,-59,101,-128,1,,,
75,-59,101,-128,1,,,
75,-59,101,-128,1,,,
74,-61,102,-129,1,,,
74,-61,102,-129,1,,,
74,-61,102,-129,1,,,
72,-61,102,-130,1,,,
72,-61,102,-130,1,,,
72,-61,102,-130,1,,,
72,-61,102,-130,1,,,
71,-63,104,-131,1,,,
71,-63,104,-131,1,,,
71,-63,104,-131,1,,,
69,-65,101,-133,1,,,
69,-65,101,-133,1,,,
69,-65,101,-133,1,,,
67,-66,103,-134,1,,,
67,-66,103,-134,1,,,
67,-66,103,-134,1,,,
65,-69,98,-136,1,,,
65,-69,98,-136,1,,,
65,-69,98,-136,1,,,
63,-70,98,-138,1,,,
63,-70,98,-138,1,,,
63,-70,98,-138,1,,,
63,-70,98,-138,1,,,
61,-71,100,-139,1,,,
61,-71,100,-139,1,,,
61,-71,100,-139,1,,,
60,-72,98,-140,1,,,
60,-72,98,-140,1,,,
60,-72,98,-140,1,,,
59,-73,98,-141,1,,,
59,-73,98,-141,1,,,
59,-73,98,-141,1,,,
59,-73,98,-141,1,,,
58,-73,101,-141,1,,,
58,-73,101,-141,1,,,
58,-73,101,-141,1,,,
56,-76,100,-143,1,,,
56,-76,100,-143,1,,,
56,-76,100,-143,1,,,
55,-75,102,-143,1,,,
55,-75,102,-143,1,,,
55,-75,102,-143,1,,,
54,-77,102,-144,1,,,
54,-77,102,-144,1,,,
54,-77,102,-144,1,,,
54,-77,102,-144,1,,,
52,-77,102,-145,1,,,
52,-77,102,-145,1,,,
52,-77,102,-145,1,,,
51,-77,101,-146,1,,,
51,-77,101,-146,1,,,
51,-77,101,-146,1,,,
50,-78,104,-147,1,,,
50,-78,104,-147,1,,,
50,-78,104,-147,1,,,
50,-78,105,-147,1,,,
50,-78,105,-147,1,,,
50,-78,105,-147,1,,,
50,-78,105,-147,1,,,
50,-78,103,-147,1,,,
50,-78,103,-147,1,,,
50,-78,103,-147,1,,,
51,-77,111,-146,1,,,
51,-77,111,-146,1,,,
51,-77,111,-146,1,,,
52,-77,109,-145,1,,,
52,-77,109,-145,1,,,
52,-77,109,-145,1,,,
53,-77,106,-145,1,,,
53,-77,106,-145,1,,,
53,-77,106,-145,1,,,
53,-77,106,-145,1,,,
55,-77,111,-144,1,,,
55,-77,111,-144,1,,,
55,-77,111,-144,1,,,
55,-77,110,-144,1,,,
55,-77,110,-144,1,,,
55,-77,110,-144,1,,,
54,-76,108,-144,1,,,
54,-76,108,-144,1,,,
54,-76,108,-144,1,,,
54,-76,108,-144,1,,,
54,-75,111,-144,1,,,
54,-75,111,-144,1,,,
54,-75,111,-144,1,,,
55,-76,108,-144,1,,,
55,-76,108,-144,1,,,
55,-76,108,-144,1,,,
54,-75,111,-144,1,,,
54,-75,111,-144,1,,,
54,-75,111,-144,1,,,
54,-75,111,-144,1,,,
54,-75,111,-144,1,,,
54,-75,111,-144,1,,,
54,-75,111,-144,1,,,
54,-75,110,-144,1,,,
54,-75,110,-144,1,,,
54,-75,110,-144,1,,,
54,-75,106,-144,1,,,
54,-75,106,-144,1,,,
54,-75,106,-144,1,,,
54,-75,107,-144,1,,,
54,-75,107,-144,1,,,
54,-75,107,-144,1,,,
54,-75,107,-144,1,,,
55,-75,111,-143,1,,,
55,-75,111,-143,1,,,
55,-75,111,-143,1,,,
55,-77,110,-144,1,,,
55,-77,110,-144,1,,,
55,-77,110,-144,1,,,
54,-74,106,-143,1,,,
54,-74,106,-143,1,,,
54,-74,106,-143,1,,,
54,-74,106,-143,1,,,
54,-74,106,-143,1,,,
54,-74,106,-143,1,,,
54,-74,106,-143,1,,,
54,-75,108,-144,1,,,
54,-75,108,-144,1,,,
54,-75,108,-144,1,,,
54,-75,113,-144,1,,,
54,-75,113,-144,1,,,
54,-75,113,-144,1,,,
52,-76,114,-145,1,,,
52,-76,114,-145,1,,,
52,-76,114,-145,1,,,
47,-78,114,-148,1,,,
47,-78,114,-148,1,,,
47,-78,114,-148,1,,,
47,-78,114,-148,1,,,
42,-80,116,-152,1,,,
42,-80,116,-152,1,,,
42,-80,116,-152,1,,,
37,-82,118,-155,1,,,
37,-82,118,-155,1,,,
37,-82,118,-155,1,,,
34,-83,123,-157,1,,,
34,-83,123,-157,1,,,
34,-83,123,-157,1,,,
34,-83,124,-157,1,,,
34,-83,124,-157,1,,,
34,-83,124,-157,1,,,
34,-83,124,-157,1,,,
37,-82,124,-155,1,,,
37,-82,124,-155,1,,,
37,-82,124,-155,1,,,
38,-81,124,-154,1,,,
38,-81,124,-154,1,,,
38,-81,124,-154,1,,,
38,-81,126,-154,1,,,
38,-81,126,-154,1,,,
38,-81,126,-154,1,,,
38,-81,126,-154,1,,,
37,-81,126,-155,1,,,
37,-81,126,-155,1,,,
37,-81,126,-155,1,,,
36,-81,128,-156,1,,,
36,-81,128,-156,1,,,
36,-81,128,-156,1,,,
35,-81,130,-156,1,,,
35,-81,130,-156,1,,,
35,-81,130,-156,1,,,
33,-82,135,-158,1,,,
33,-82,135,-158,1,,,
33,-82,135,-158,1,,,
33,-82,135,-158,1,,,
29,-82,137,-160,1,,,
29,-82,137,-160,1,,,
29,-82,137,-160,1,,,
25,-83,140,-163,1,,,
25,-83,140,-163,1,,,
25,-83,140,-163,1,,,
21,-84,144,-165,1,,,
21,-84,144,-165,1,,,
21,-84,144,-165,1,,,
17,-84,143,-168,1,,,
17,-84,143,-168,1,,,
17,-84,143,-168,1,,,
17,-84,143,-168,1,,,
13,-85,144,-171,1,,,
13,-85,144,-171,1,,,
13,-85,144,-171,1,,,
11,-85,145,-172,1,,,
11,-85,145,-172,1,,,
11,-85,145,-172,1,,,
9,-85,144,-173,131,,,
9,-85,144,-173,131,,,
9,-85,144,-173,131,,,
9,-85,144,-173,131,,,
6,-85,144,-175,134,,,
6,-85,144,-175,134,,,
6,-85,144,-175,134,,,
4,-85,144,-177,135,,,
4,-85,144,-177,135,,,
4,-85,144,-177,135,,,
2,-85,142,-178,1,,,
2,-85,142,-178,1,,,
2,-85,142,-178,1,,,
-1,-84,144,179,1,,,
-1,-84,144,179,1,,,
-1,-84,144,179,1,,,
-1,-84,144,179,1,,,
-3,-84,142,177,131,,,
-3,-84,142,177,131,,,
-3,-84,142,177,131,,,
-6,-85,139,175,132,,,
-6,-85,139,175,132,,,
-6,-85,139,175,132,,,
-7,-84,138,175,131,,,
-7,-84,138,175,131,,,
-7,-84,138,175,131,,,
-10,-85,135,173,134,,,
-10,-85,135,173,134,,,
-10,-85,135,173,134,,,
-10,-85,135,173,134,,,
-12,-85,132,171,135,,,
-12,-85,132,171,135,,,
-12,-85,132,171,135,,,
-15,-84,132,169,133,,,
-15,-84,132,169,133,,,
-15,-84,132,169,133,,,
-19,-83,130,167,132,,,
-19,-83,130,167,132,,,
-19,-83,130,167,132,,,
-21,-83,126,165,125,,,
-21,-83,126,165,125,,,
-21,-83,126,165,125,,,
-23,-82,126,164,126,,,
-23,-82,126,164,126,,,
-23,-82,126,164,126,,,
-23,-82,126,164,126,,,
-25,-81,126,162,133,,,
-25,-81,126,162,133,,,
-25,-81,126,162,133,,,
-28,-80,112,160,125,,,
-28,-80,112,160,125,,,
-28,-80,112,160,125,,,
-30,-79,113,159,124,,,
-30,-79,113,159,124,,,
-30,-79,113,159,124,,,
-32,-78,105,157,126,,,
-32,-78,105,157,126,,,
-32,-78,105,157,126,,,
-32,-78,105,157,126,,,
-32,-77,122,157,125,,,
-32,-77,122,157,125,,,
-32,-77,122,157,125,,,
-37,-76,98,154,126,,,
-37,-76,98,154,126,,,
-37,-76,98,154,126,,,
-38,-75,98,153,124,,,
-38,-75,98,153,124,,,
-38,-75,98,153,124,,,
-41,-74,98,151,124,,,
-41,-74,98,151,124,,,
-41,-74,98,151,124,,,
-41,-74,98,151,124,,,
-43,-72,96,149,125,,,
-43,-72,96,149,125,,,
-43,-72,96,149,125,,,
-45,-71,96,147,125,,,
-45,-71,96,147,125,,,
-45,-71,96,147,125,,,
-48,-69,96,145,126,,,
-48,-69,96,145,126,,,
-48,-69,96,145,126,,,
-50,-67,100,143,125,,,
-50,-67,100,143,125,,,
-50,-67,100,143,125,,,
-50,-67,100,143,125,,,
-53,-65,106,140,126,,,
-53,-65,106,140,126,,,
-53,-65,106,140,126,,,
-59,-62,128,136,125,,,
-59,-62,128,136,125,,,
-59,-62,128,136,125,,,
-55,-62,94,138,128,,,
-55,-62,94,138,128,,,
-55,-62,94,138,128,,,
-63,-59,128,133,131,,,
-63,-59,128,133,131,,,
-63,-59,128,133,131,,,
-63,-59,128,133,131,,,
-57,-59,101,135,130,,,
-57,-59,101,135,130,,,
-57,-59,101,135,130,,,
-57,-58,92,135,133,,,
-57,-58,92,135,133,,,
-57,-58,92,135,133,,,
-58,-56,90,133,134,,,
-58,-56,90,133,134,,,
-58,-56,90,133,134,,,
-59,-53,92,131,130,,,
-59,-53,92,131,130,,,
-59,-53,92,131,130,,,
-59,-53,92,131,130,,,
-58,-51,92,131,133,,,
-58,-51,92,131,133,,,
-58,-51,92,131,133,,,
-59,-49,90,129,137,,,
-59,-49,90,129,137,,,
-59,-49,90,129,137,,,
-59,-44,90,126,137,,,
-59,-44,90,126,137,,,
-59,-44,90,126,137,,,
-60,-40,86,123,137,,,
-60,-40,86,123,137,,,
-60,-40,86,123,137,,,
-60,-40,86,123,137,,,
-61,-40,86,123,137,,,
-61,-40,86,123,137,,,
-61,-40,86,123,137,,,
-61,-41,87,123,135,,,
-61,-41,87,123,135,,,
-61,-41,87,123,135,,,
-61,-41,85,123,135,,,
-61,-41,85,123,135,,,
-61,-41,85,123,135,,,
-61,-40,84,123,135,,,
-61,-40,84,123,135,,,
-61,-40,84,123,135,,,
-61,-40,84,123,134,,,
-61,-40,84,123,134,,,
-61,-40,84,123,134,,,
-61,-40,84,123,134,,,
-60,-41,86,124,135,,,
-60,-41,86,124,135,,,
-60,-41,86,124,135,,,
-60,-41,84,124,136,,,
-60,-41,84,124,136,,,
-60,-41,84,124,136,,,
-60,-41,84,124,134,,,
-60,-41,84,124,134,,,
-60,-41,84,124,134,,,
-59,-39,84,123,134,,,
-59,-39,84,123,134,,,
-59,-39,84,123,134,,,
-59,-39,84,123,134,,,
-61,-39,86,122,136,,,
-61,-39,86,122,136,,,
-61,-39,86,122,136,,,
-62,-39,87,122,135,,,
-62,-39,87,122,135,,,
-62,-39,87,122,135,,,
-63,-38,87,121,134,,,
-63,-38,87,121,134,,,
-63,-38,87,121,134,,,
-62,-39,87,122,136,,,
-62,-39,87,122,136,,,
-62,-39,87,122,136,,,
-62,-39,87,122,136,,,
-62,-40,86,122,132,,,
-62,-40,86,122,132,,,
-62,-40,86,122,132,,,
-61,-40,86,123,134,,,
-61,-40,86,123,134,,,
-61,-40,86,123,134,,,
-61,-41,88,123,137,,,
-61,-41,88,123,137,,,
-61,-41,88,123,137,,,
-63,-37,85,120,135,,,
-63,-37,85,120,135,,,
-63,-37,85,120,135,,,
-63,-37,85,120,135,,,
-64,-36,83,119,135,,,
-64,-36,83,119,135,,,
-64,-36,83,119,135,,,
-68,-30,90,113,132,,,
-68,-30,90,113,132,,,
-68,-30,90,113,132,,,
-68,-28,87,112,133,,,
-68,-28,87,112,133,,,
-68,-28,87,112,133,,,
-68,-30,85,113,136,,,
-68,-30,85,113,136,,,
-68,-30,85,113,136,,,
-68,-30,85,113,136,,,
-65,-35,83,118,135,,,
-65,-35,83,118,135,,,
-65,-35,83,118,135,,,
-61,-41,82,123,134,,,
-61,-41,82,123,134,,,
-61,-41,82,123,134,,,
-59,-43,86,126,135,,,
-59,-43,86,126,135,,,
-59,-43,86,126,135,,,
-61,-41,84,123,136,,,
-61,-41,84,123,136,,,
-61,-41,84,123,136,,,
-61,-41,84,123,136,,,
-63,-38,83,121,134,,,
-63,-38,83,121,134,,,
-63,-38,83,121,134,,,
-66,-31,82,115,134,,,
-66,-31,82,115,134,,,
-66,-31,82,115,134,,,
-68,-29,84,113,136,,,
-68,-29,84,113,136,,,
-68,-29,84,113,136,,,
-67,-31,80,114,136,,,
-67,-31,80,114,136,,,
-67,-31,80,114,136,,,
-67,-31,80,114,136,,,
-64,-38,88,120,135,,,
-64,-38,88,120,135,,,
-64,-38,88,120,135,,,
-60,-43,83,125,134,,,
-60,-43,83,125,134,,,
-60,-43,83,125,134,,,
-61,-43,85,125,135,,,
-61,-43,85,125,135,,,
-61,-43,85,125,135,,,
-61,-43,85,125,135,,,
-60,-42,86,124,138,,,
-60,-42,86,124,138,,,
-60,-42,86,124,138,,,
-62,-41,88,123,136,,,
-62,-41,88,123,136,,,
-62,-41,88,123,136,,,
-62,-40,92,122,135,,,
-62,-40,92,122,135,,,
-62,-40,92,122,135,,,
-63,-40,97,122,139,,,
-63,-40,97,122,139,,,
-63,-40,97,122,139,,,
-61,-45,96,126,138,,,
-61,-45,96,126,138,,,
-61,-45,96,126,138,,,
-61,-45,96,126,138,,,
-60,-48,95,128,140,,,
-60,-48,95,128,140,,,
-60,-48,95,128,140,,,
-58,-52,96,131,140,,,
-58,-52,96,131,140,,,
-58,-52,96,131,140,,,
-63,-55,140,131,79,,,
-63,-55,140,131,79,,,
-63,-55,140,131,79,,,
-62,-56,140,132,81,,,
-62,-56,140,132,81,,,
-62,-56,140,132,81,,,
-62,-56,140,132,81,,,
-60,-57,134,133,129,,,
-60,-57,134,133,129,,,
-60,-57,134,133,129,,,
-60,-59,136,134,130,,,
-60,-59,136,134,130,,,
-60,-59,136,134,130,,,
-59,-60,137,135,128,,,
-59,-60,137,135,128,,,
-59,-60,137,135,128,,,
-59,-61,146,135,129,,,
-59,-61,146,135,129,,,
-59,-61,146,135,129,,,
-59,-61,146,135,129,,,
-57,-62,143,137,128,,,
-57,-62,143,137,128,,,
-57,-62,143,137,128,,,
-52,-66,140,141,125,,,
-52,-66,140,141,125,,,
-52,-66,140,141,125,,,
-41,-70,145,149,127,,,
-41,-70,145,149,127,,,
-41,-70,145,149,127,,,
-36,-72,128,153,128,,,
-36,-72,128,153,128,,,
-36,-72,128,153,128,,,
-36,-72,128,153,128,,,
-34,-75,116,155,128,,,
-34,-75,116,155,128,,,
-34,-75,116,155,128,,,
-32,-75,118,156,128,,,
-32,-75,118,156,128,,,
-32,-75,118,156,128,,,
-28,-76,128,159,128,,,
-28,-76,128,159,128,,,
-28,-76,128,159,128,,,
-27,-78,132,160,129,,,
-27,-78,132,160,129,,,
-27,-78,132,160,129,,,
-27,-78,132,160,129,,,
-24,-80,134,163,1,,,
-24,-80,134,163,1,,,
-24,-80,134,163,1,,,
-20,-81,137,166,97,,,
-20,-81,137,166,97,,,
-20,-81,137,166,97,,,
-18,-82,132,167,132,,,
-18,-82,132,167,132,,,
-18,-82,132,167,132,,,
-15,-83,136,169,132,,,
-15,-83,136,169,132,,,
-15,-83,136,169,132,,,
-12,-82,139,171,131,,,
-12,-82,139,171,131,,,
-12,-82,139,171,131,,,
-12,-82,139,171,131,,,
-7,-82,144,175,1,,,
-7,-82,144,175,1,,,
-7,-82,144,175,1,,,
-3,-82,148,177,1,,,
-3,-82,148,177,1,,,
-3,-82,148,177,1,,,
1,-82,152,-179,134,,,
1,-82,152,-179,134,,,
1,-82,152,-179,134,,,
1,-82,152,-179,134,,,
6,-82,156,-175,1,,,
6,-82,156,-175,1,,,
6,-82,156,-175,1,,,
10,-82,157,-173,1,,,
10,-82,157,-173,1,,,
10,-82,157,-173,1,,,
13,-82,155,-170,137,,,
13,-82,155,-170,137,,,
13,-82,155,-170,137,,,
15,-82,154,-169,1,,,
15,-82,154,-169,1,,,
15,-82,154,-169,1,,,
15,-82,154,-169,1,,,
17,-81,151,-168,1,,,
17,-81,151,-168,1,,,
17,-81,151,-168,1,,,
19,-82,152,-166,1,,,
19,-82,152,-166,1,,,
19,-82,152,-166,1,,,
21,-81,150,-165,1,,,
21,-81,150,-165,1,,,
21,-81,150,-165,1,,,
25,-81,150,-162,1,,,
25,-81,150,-162,1,,,
25,-81,150,-162,1,,,
25,-81,150,-162,1,,,
30,-80,152,-159,1,,,
30,-80,152,-159,1,,,
30,-80,152,-159,1,,,
33,-79,143,-157,1,,,
33,-79,143,-157,1,,,
33,-79,143,-157,1,,,
36,-78,141,-155,1,,,
36,-78,141,-155,1,,,
36,-78,141,-155,1,,,
38,-78,147,-154,1,,,
38,-78,147,-154,1,,,
38,-78,147,-154,1,,,
38,-78,147,-154,1,,,
39,-78,134,-153,1,,,
39,-78,134,-153,1,,,
39,-78,134,-153,1,,,
41,-78,133,-152,1,,,
41,-78,133,-152,1,,,
41,-78,133,-152,1,,,
43,-78,133,-151,1,,,
43,-78,133,-151,1,,,
43,-78,133,-151,1,,,
45,-77,124,-149,1,,,
45,-77,124,-149,1,,,
45,-77,124,-149,1,,,
45,-77,124,-149,1,,,
49,-76,119,-147,1,,,
49,-76,119,-147,1,,,
49,-76,119,-147,1,,,
52,-75,114,-145,1,,,
52,-75,114,-145,1,,,
52,-75,114,-145,1,,,
55,-73,108,-143,1,,,
55,-73,108,-143,1,,,
55,-73,108,-143,1,,,
58,-70,109,-140,1,,,
58,-70,109,-140,1,,,
58,-70,109,-140,1,,,
58,-70,109,-140,1,,,
63,-69,115,-137,1,,,
63,-69,115,-137,1,,,
63,-69,115,-137,1,,,
65,-67,108,-135,1,,,
65,-67,108,-135,1,,,
65,-67,108,-135,1,,,
67,-66,116,-134,1,,,
67,-66,116,-134,1,,,
67,-66,116,-134,1,,,
67,-66,116,-134,1,,,
67,-66,108,-134,1,,,
67,-66,108,-134,1,,,
67,-66,108,-134,1,,,
68,-65,106,-133,1,,,
68,-65,106,-133,1,,,
68,-65,106,-133,1,,,
69,-62,105,-131,1,,,
69,-62,105,-131,1,,,
69,-62,105,-131,1,,,
72,-59,102,-129,1,,,
72,-59,102,-129,1,,,
72,-59,102,-129,1,,,
72,-59,102,-129,1,,,
76,-50,100,-123,1,,,
76,-50,100,-123,1,,,
76,-50,100,-123,1,,,
81,-41,102,-116,1,,,
81,-41,102,-116,1,,,
81,-41,102,-116,1,,,
85,-34,106,-111,1,,,
85,-34,106,-111,1,,,
85,-34,106,-111,1,,,
84,-30,108,-109,1,,,
84,-30,108,-109,1,,,
84,-30,108,-109,1,,,
84,-30,108,-109,1,,,
85,-28,106,-108,1,,,
85,-28,106,-108,1,,,
85,-28,106,-108,1,,,
83,-28,107,-108,1,,,
83,-28,107,-108,1,,,
83,-28,107,-108,1,,,
82,-27,104,-108,1,,,
82,-27,104,-108,1,,,
82,-27,104,-108,1,,,
80,-29,100,-109,1,,,
80,-29,100,-109,1,,,
80,-29,100,-109,1,,,
80,-29,100,-109,1,,,
80,-29,101,-109,1,,,
80,-29,101,-109,1,,,
80,-29,101,-109,1,,,
80,-30,102,-110,1,,,
80,-30,102,-110,1,,,
80,-30,102,-110,1,,,
80,-30,100,-110,1,,,
80,-30,100,-110,1,,,
80,-30,100,-110,1,,,
80,-30,98,-110,1,,,
80,-30,98,-110,1,,,
80,-30,98,-110,1,,,
80,-30,98,-110,1,,,
81,-30,98,-110,1,,,
81,-30,98,-110,1,,,
81,-30,98,-110,1,,,
81,-30,99,-110,1,,,
81,-30,99,-110,1,,,
81,-30,99,-110,1,,,
82,-30,98,-110,1,,,
82,-30,98,-110,1,,,
82,-30,98,-110,1,,,
82,-30,98,-110,1,,,
82,-32,96,-111,1,,,
82,-32,96,-111,1,,,
82,-32,96,-111,1,,,
82,-33,98,-111,1,,,
82,-33,98,-111,1,,,
82,-33,98,-111,1,,,
82,-34,96,-112,1,,,
82,-34,96,-112,1,,,
82,-34,96,-112,1,,,
83,-34,96,-112,1,,,
83,-34,96,-112,1,,,
83,-34,96,-112,1,,,
83,-34,96,-112,1,,,
84,-32,98,-110,1,,,
84,-32,98,-110,1,,,
84,-32,98,-110,1,,,
86,-31,97,-109,1,,,
86,-31,97,-109,1,,,
86,-31,97,-109,1,,,
86,-31,99,-109,1,,,
86,-31,99,-109,1,,,
86,-31,99,-109,1,,,
86,-31,99,-109,1,,,
86,-32,100,-110,1,,,
86,-32,100,-110,1,,,
86,-32,100,-110,1,,,
87,-34,99,-111,1,,,
87,-34,99,-111,1,,,
87,-34,99,-111,1,,,
86,-36,98,-112,1,,,
86,-36,98,-112,1,,,
86,-36,98,-112,1,,,
86,-36,98,-112,1,,,
88,-37,98,-112,1,,,
88,-37,98,-112,1,,,
88,-37,98,-112,1,,,
86,-38,98,-113,1,,,
86,-38,98,-113,1,,,
86,-38,98,-113,1,,,
86,-40,95,-114,1,,,
86,-40,95,-114,1,,,
86,-40,95,-114,1,,,
85,-43,96,-116,1,,,
85,-43,96,-116,1,,,
85,-43,96,-116,1,,,
85,-43,96,-116,1,,,
84,-46,96,-118,1,,,
84,-46,96,-118,1,,,
84,-46,96,-118,1,,,
82,-50,96,-121,1,,,
82,-50,96,-121,1,,,
82,-50,96,-121,1,,,
79,-53,98,-123,1,,,
79,-53,98,-123,1,,,
79,-53,98,-123,1,,,
76,-56,97,-126,1,,,
76,-56,97,-126,1,,,
76,-56,97,-126,1,,,
76,-56,97,-126,1,,,
75,-58,96,-127,1,,,
75,-58,96,-127,1,,,
75,-58,96,-127,1,,,
74,-60,96,-129,1,,,
74,-60,96,-129,1,,,
74,-60,96,-129,1,,,
72,-61,95,-130,1,,,
72,-61,95,-130,1,,,
72,-61,95,-130,1,,,
71,-63,99,-131,1,,,
71,-63,99,-131,1,,,
71,-63,99,-131,1,,,
71,-63,99,-131,1,,,
70,-65,96,-132,1,,,
70,-65,96,-132,1,,,
70,-65,96,-132,1,,,
69,-66,94,-133,1,,,
69,-66,94,-133,1,,,
69,-66,94,-133,1,,,
68,-65,97,-133,1,,,
68,-65,97,-133,1,,,
68,-65,97,-133,1,,,
68,-65,97,-133,1,,,
67,-66,98,-134,1,,,
67,-66,98,-134,1,,,
67,-66,98,-134,1,,,
66,-67,96,-135,1,,,
66,-67,96,-135,1,,,
66,-67,96,-135,1,,,
63,-69,97,-137,1,,,
63,-69,97,-137,1,,,
63,-69,97,-137,1,,,
62,-72,100,-139,1,,,
62,-72,100,-139,1,,,
62,-72,100,-139,1,,,
62,-72,100,-139,1,,,
60,-73,100,-140,1,,,
60,-73,100,-140,1,,,
60,-73,100,-140,1,,,
60,-74,102,-140,1,,,
60,-74,102,-140,1,,,
60,-74,102,-140,1,,,
60,-73,104,-140,1,,,
60,-73,104,-140,1,,,
60,-73,104,-140,1,,,
59,-73,105,-141,1,,,
59,-73,105,-141,1,,,
59,-73,105,-141,1,,,
59,-73,105,-141,1,,,
57,-72,108,-141,1,,,
57,-72,108,-141,1,,,
57,-72,108,-141,1,,,
55,-73,111,-143,1,,,
55,-73,111,-143,1,,,
55,-73,111,-143,1,,,
51,-74,112,-145,1,,,
51,-74,112,-145,1,,,
51,-74,112,-145,1,,,
48,-77,116,-148,1,,,
48,-77,116,-148,1,,,
48,-77,116,-148,1,,,
48,-77,116,-148,1,,,
45,-77,121,-149,1,,,
45,-77,121,-149,1,,,
45,-77,121,-149,1,,,
42,-78,129,-151,1,,,
42,-78,129,-151,1,,,
42,-78,129,-151,1,,,
39,-79,128,-153,1,,,
39,-79,128,-153,1,,,
39,-79,128,-153,1,,,
39,-79,128,-153,1,,,
36,-79,133,-155,1,,,
36,-79,133,-155,1,,,
36,-79,133,-155,1,,,
33,-80,138,-157,1,,,
33,-80,138,-157,1,,,
33,-80,138,-157,1,,,
28,-81,142,-160,1,,,
28,-81,142,-160,1,,,
28,-81,142,-160,1,,,
22,-81,147,-164,1,,,
22,-81,147,-164,1,,,
22,-81,147,-164,1,,,
22,-81,147,-164,1,,,
17,-83,148,-168,1,,,
17,-83,148,-168,1,,,
17,-83,148,-168,1,,,
11,-84,150,-172,132,,,
11,-84,150,-172,132,,,
11,-84,150,-172,132,,,
6,-84,152,-175,1,,,
6,-84,152,-175,1,,,
6,-84,152,-175,1,,,
3,-83,148,-177,132,,,
3,-83,148,-177,132,,,
3,-83,148,-177,132,,,
3,-83,148,-177,132,,,
1,-83,148,-179,134,,,
1,-83,148,-179,134,,,
1,-83,148,-179,134,,,
-1,-83,146,179,132,,,
-1,-83,146,179,132,,,
-1,-83,146,179,132,,,
-3,-83,145,177,132,,,
-3,-83,145,177,132,,,
-3,-83,145,177,132,,,
-6,-83,143,175,1,,,
-6,-83,143,175,1,,,
-6,-83,143,175,1,,,
-6,-83,143,175,1,,,
-12,-84,137,171,99,,,
-12,-84,137,171,99,,,
-12,-84,137,171,99,,,
-17,-83,134,168,97,,,
-17,-83,134,168,97,,,
-17,-83,134,168,97,,,
-22,-81,129,164,97,,,
-22,-81,129,164,97,,,
-22,-81,129,164,97,,,
-27,-79,124,161,97,,,
-27,-79,124,161,97,,,
-27,-79,124,161,97,,,
-27,-79,124,161,97,,,
-32,-77,126,157,1,,,
-32,-77,126,157,1,,,
-32,-77,126,157,1,,,
-38,-75,102,153,123,,,
-38,-75,102,153,123,,,
-38,-75,102,153,123,,,
-41,-74,98,151,121,,,
-41,-74,98,151,121,,,
-41,-74,98,151,121,,,
-41,-74,98,151,121,,,
-43,-74,96,149,129,,,
-43,-74,96,149,129,,,
-43,-74,96,149,129,,,
-45,-72,94,147,121,,,
-45,-72,94,147,121,,,
-45,-72,94,147,121,,,
-47,-71,93,146,120,,,
-47,-71,93,146,120,,,
-47,-71,93,146,120,,,
-49,-70,94,145,124,,,
-49,-70,94,145,124,,,
-49,-70,94,145,124,,,
-49,-70,94,145,124,,,
-51,-67,93,142,126,,,
-51,-67,93,142,126,,,
-51,-67,93,142,126,,,
-55,-64,105,139,125,,,
-55,-64,105,139,125,,,
-55,-64,105,139,125,,,
-62,-61,132,134,125,,,
-62,-61,132,134,125,,,
-62,-61,132,134,125,,,
-65,-59,139,132,128,,,
-65,-59,139,132,128,,,
-65,-59,139,132,128,,,
-65,-59,139,132,128,,,
-65,-58,130,131,79,,,
-65,-58,130,131,79,,,
-65,-58,130,131,79,,,
-58,-59,100,135,134,,,
-58,-59,100,135,134,,,
-58,-59,100,135,134,,,
-58,-58,93,135,136,,,
-58,-58,93,135,136,,,
-58,-58,93,135,136,,,
-59,-56,93,133,136,,,
-59,-56,93,133,136,,,
-59,-56,93,133,136,,,
-59,-56,93,133,136,,,
-60,-53,101,131,138,,,
-60,-53,101,131,138,,,
-60,-53,101,131,138,,,
-62,-50,94,128,137,,,
-62,-50,94,128,137,,,
-62,-50,94,128,137,,,
-62,-48,92,127,136,,,
-62,-48,92,127,136,,,
-62,-48,92,127,136,,,
-63,-46,96,126,137,,,
-63,-46,96,126,137,,,
-63,-46,96,126,137,,,
-63,-46,96,126,137,,,
-64,-44,94,124,135,,,
-64,-44,94,124,135,,,
-64,-44,94,124,135,,,
-65,-39,92,120,134,,,
-65,-39,92,120,134,,,
-65,-39,92,120,134,,,
-67,-37,88,118,135,,,
-67,-37,88,118,135,,,
-67,-37,88,118,135,,,
-67,-35,90,117,135,,,
-67,-35,90,117,135,,,
-67,-35,90,117,135,,,
-66,-36,90,118,135,,,
-66,-36,90,118,135,,,
-66,-36,90,118,135,,,
-66,-36,90,118,135,,,
-66,-35,91,117,137,,,
-66,-35,91,117,137,,,
-66,-35,91,117,137,,,
-65,-36,88,118,133,,,
-65,-36,88,118,133,,,
-65,-36,88,118,133,,,
-64,-37,84,120,134,,,
-64,-37,84,120,134,,,
-64,-37,84,120,134,,,
-64,-38,84,120,135,,,
-64,-38,84,120,135,,,
-64,-38,84,120,135,,,
-64,-38,84,120,135,,,
-63,-39,87,121,133,,,
-63,-39,87,121,133,,,
-63,-39,87,121,133,,,
-62,-39,83,122,134,,,
-62,-39,83,122,134,,,
-62,-39,83,122,134,,,
-61,-40,80,123,134,,,
-61,-40,80,123,134,,,
-61,-40,80,123,134,,,
-61,-40,82,123,136,,,
-61,-40,82,123,136,,,
-61,-40,82,123,136,,,
-61,-40,82,123,136,,,
-60,-42,85,124,133,,,
-60,-42,85,124,133,,,
-60,-42,85,124,133,,,
-60,-42,86,124,135,,,
-60,-42,86,124,135,,,
-60,-42,86,124,135,,,
-58,-45,86,127,135,,,
-58,-45,86,127,135,,,
-58,-45,86,127,135,,,
-55,-47,89,130,135,,,
-55,-47,89,130,135,,,
-55,-47,89,130,135,,,
-55,-47,89,130,135,,,
-56,-50,88,131,132,,,
-56,-50,88,131,132,,,
-56,-50,88,131,132,,,
-56,-52,92,132,134,,,
-56,-52,92,132,134,,,
-56,-52,92,132,134,,,
-54,-56,96,136,131,,,
-54,-56,96,136,131,,,
-54,-56,96,136,131,,,
-58,-56,127,133,131,,,
-58,-56,127,133,131,,,
-58,-56,127,133,131,,,
-58,-56,127,133,131,,,
-53,-58,97,137,81,,,
-53,-58,97,137,81,,,
-53,-58,97,137,81,,,
-59,-59,134,135,139,,,
-59,-59,134,135,139,,,
-59,-59,134,135,139,,,
-53,-60,108,138,134,,,
-53,-60,108,138,134,,,
-53,-60,108,138,134,,,
-53,-61,110,139,127,,,
-53,-61,110,139,127,,,
-53,-61,110,139,127,,,
-53,-61,110,139,127,,,
-58,-61,146,136,129,,,
-58,-61,146,136,129,,,
-58,-61,146,136,129,,,
-58,-62,147,136,128,,,
-58,-62,147,136,128,,,
-58,-62,147,136,128,,,
-59,-63,149,136,126,,,
-59,-63,149,136,126,,,
-59,-63,149,136,126,,,
-59,-63,149,136,126,,,
-59,-63,149,136,126,,,
-59,-63,149,136,126,,,
-59,-63,149,136,126,,,
-57,-63,138,137,126,,,
-57,-63,138,137,126,,,
-57,-63,138,137,126,,,
-59,-62,139,136,1,,,
-59,-62,139,136,1,,,
-59,-62,139,136,1,,,
-60,-60,146,135,126,,,
-60,-60,146,135,126,,,
-60,-60,146,135,126,,,
-61,-59,135,134,125,,,
-61,-59,135,134,125,,,
-61,-59,135,134,125,,,
-61,-59,135,134,125,,,
-58,-58,133,135,130,,,
-58,-58,133,135,130,,,
-58,-58,133,135,130,,,
-56,-58,106,136,140,,,
-56,-58,106,136,140,,,
-56,-58,106,136,140,,,
-56,-58,98,136,132,,,
-56,-58,98,136,132,,,
-56,-58,98,136,132,,,
-58,-57,94,134,133,,,
-58,-57,94,134,133,,,
-58,-57,94,134,133,,,
-61,-55,92,132,135,,,
-61,-55,92,132,135,,,
-61,-55,92,132,135,,,
-61,-55,92,132,135,,,
-62,-53,86,130,134,,,
-62,-53,86,130,134,,,
-62,-53,86,130,134,,,
-65,-50,86,127,129,,,
-65,-50,86,127,129,,,
-65,-50,86,127,129,,,
-68,-46,80,124,128,,,
-68,-46,80,124,128,,,
-68,-46,80,124,128,,,
-71,-43,80,121,131,,,
-71,-43,80,121,131,,,
-71,-43,80,121,131,,,
-71,-43,80,121,131,,,
-72,-42,79,120,127,,,
-72,-42,79,120,127,,,
-72,-42,79,120,127,,,
-73,-42,80,119,127,,,
-73,-42,80,119,127,,,
-73,-42,80,119,127,,,
-72,-44,82,121,130,,,
-72,-44,82,121,130,,,
-72,-44,82,121,130,,,
-72,-45,82,122,130,,,
-72,-45,82,122,130,,,
-72,-45,82,122,130,,,
-72,-45,82,122,130,,,
-71,-46,88,122,132,,,
-71,-46,88,122,132,,,
-71,-46,88,122,132,,,
-69,-49,90,125,125,,,
-69,-49,90,125,125,,,
-69,-49,90,125,125,,,
-73,-51,122,124,132,,,
-73,-51,122,124,132,,,
-73,-51,122,124,132,,,
-64,-55,96,130,132,,,
-64,-55,96,130,132,,,
-64,-55,96,130,132,,,
-64,-55,96,130,132,,,
-62,-57,92,132,126,,,
-62,-57,92,132,126,,,
-62,-57,92,132,126,,,
-67,-55,128,129,125,,,
-67,-55,128,129,125,,,
-67,-55,128,129,125,,,
-67,-56,127,129,126,,,
-67,-56,127,129,126,,,
-67,-56,127,129,126,,,
-60,-59,106,134,82,,,
-60,-59,106,134,82,,,
-60,-59,106,134,82,,,
-60,-59,106,134,82,,,
-58,-62,104,136,124,,,
-58,-62,104,136,124,,,
-58,-62,104,136,124,,,
-56,-64,108,138,124,,,
-56,-64,108,138,124,,,
-56,-64,108,138,124,,,
-61,-63,130,135,122,,,
-61,-63,130,135,122,,,
-61,-63,130,135,122,,,
-61,-63,132,135,120,,,
-61,-63,132,135,120,,,
-61,-63,132,135,120,,,
-61,-63,132,135,120,,,
-55,-65,112,139,120,,,
-55,-65,112,139,120,,,
-55,-65,112,139,120,,,
-51,-68,96,143,84,,,
-51,-68,96,143,84,,,
-51,-68,96,143,84,,,
-47,-70,98,146,132,,,
-47,-70,98,146,132,,,
-47,-70,98,146,132,,,
-43,-73,101,149,132,,,
-43,-73,101,149,132,,,
-43,-73,101,149,132,,,
-43,-73,101,149,132,,,
-40,-74,106,151,125,,,
-40,-74,106,151,125,,,
-40,-74,106,151,125,,,
-39,-74,112,152,123,,,
-39,-74,112,152,123,,,
-39,-74,112,152,123,,,
-38,-73,112,152,123,,,
-38,-73,112,152,123,,,
-38,-73,112,152,123,,,
-37,-73,120,153,123,,,
-37,-73,120,153,123,,,
-37,-73,120,153,123,,,
-33,-75,124,156,121,,,
-33,-75,124,156,121,,,
-33,-75,124,156,121,,,
-33,-75,124,156,121,,,
-25,-78,126,162,125,,,
-25,-78,126,162,125,,,
-25,-78,126,162,125,,,
-19,-82,132,166,129,,,
-19,-82,132,166,129,,,
-19,-82,132,166,129,,,
-13,-84,140,171,134,,,
-13,-84,140,171,134,,,
-13,-84,140,171,134,,,
-10,-84,136,173,130,,,
-10,-84,136,173,130,,,
-10,-84,136,173,130,,,
-10,-84,136,173,130,,,
-8,-83,141,174,131,,,
-8,-83,141,174,131,,,
-8,-83,141,174,131,,,
-4,-83,146,177,132,,,
-4,-83,146,177,132,,,
-4,-83,146,177,132,,,
0,-83,148,-180,135,,,
0,-83,148,-180,135,,,
0,-83,148,-180,135,,,
5,-83,150,-176,1,,,
5,-83,150,-176,1,,,
5,-83,150,-176,1,,,
5,-83,150,-176,1,,,
10,-83,150,-173,133,,,
10,-83,150,-173,133,,,
10,-83,150,-173,133,,,
15,-83,150,-169,134,,,
15,-83,150,-169,134,,,
15,-83,150,-169,134,,,
18,-83,150,-167,1,,,
18,-83,150,-167,1,,,
18,-83,150,-167,1,,,
22,-82,147,-164,1,,,
22,-82,147,-164,1,,,
22,-82,147,-164,1,,,
22,-82,147,-164,1,,,
26,-82,140,-162,1,,,
26,-82,140,-162,1,,,
26,-82,140,-162,1,,,
31,-81,134,-159,1,,,
31,-81,134,-159,1,,,
31,-81,134,-159,1,,,
36,-80,134,-155,1,,,
36,-80,134,-155,1,,,
36,-80,134,-155,1,,,
42,-79,128,-152,1,,,
42,-79,128,-152,1,,,
42,-79,128,-152,1,,,
42,-79,128,-152,1,,,
47,-76,123,-148,1,,,
47,-76,123,-148,1,,,
47,-76,123,-148,1,,,
53,-74,114,-144,1,,,
53,-74,114,-144,1,,,
53,-74,114,-144,1,,,
59,-71,111,-140,1,,,
59,-71,111,-140,1,,,
59,-71,111,-140,1,,,
59,-71,111,-140,1,,,
63,-68,110,-137,1,,,
63,-68,110,-137,1,,,
63,-68,110,-137,1,,,
67,-65,110,-134,1,,,
67,-65,110,-134,1,,,
67,-65,110,-134,1,,,
69,-60,108,-131,1,,,
69,-60,108,-131,1,,,
69,-60,108,-131,1,,,
72,-57,108,-128,1,,,
72,-57,108,-128,1,,,
72,-57,108,-128,1,,,
72,-57,108,-128,1,,,
74,-55,106,-126,1,,,
74,-55,106,-126,1,,,
74,-55,106,-126,1,,,
78,-50,102,-122,1,,,
78,-50,102,-122,1,,,
78,-50,102,-122,1,,,
82,-45,102,-118,1,,,
82,-45,102,-118,1,,,
82,-45,102,-118,1,,,
85,-39,103,-114,1,,,
85,-39,103,-114,1,,,
85,-39,103,-114,1,,,
85,-39,103,-114,1,,,
84,-35,100,-112,1,,,
84,-35,100,-112,1,,,
84,-35,100,-112,1,,,
85,-33,104,-111,1,,,
85,-33,104,-111,1,,,
85,-33,104,-111,1,,,
84,-34,102,-112,1,,,
84,-34,102,-112,1,,,
84,-34,102,-112,1,,,
82,-37,96,-114,1,,,
82,-37,96,-114,1,,,
82,-37,96,-114,1,,,
82,-37,96,-114,1,,,
81,-41,98,-116,1,,,
81,-41,98,-116,1,,,
81,-41,98,-116,1,,,
81,-41,92,-116,1,,,
81,-41,92,-116,1,,,
81,-41,92,-116,1,,,
81,-39,93,-115,1,,,
81,-39,93,-115,1,,,
81,-39,93,-115,1,,,
84,-35,92,-112,1,,,
84,-35,92,-112,1,,,
84,-35,92,-112,1,,,
84,-35,92,-112,1,,,
86,-31,97,-109,1,,,
86,-31,97,-109,1,,,
86,-31,97,-109,1,,,
87,-31,100,-109,1,,,
87,-31,100,-109,1,,,
87,-31,100,-109,1,,,
86,-34,94,-111,1,,,
86,-34,94,-111,1,,,
86,-34,94,-111,1,,,
86,-34,94,-111,1,,,
86,-37,94,-113,1,,,
86,-37,94,-113,1,,,
86,-37,94,-113,1,,,
87,-39,92,-114,1,,,
87,-39,92,-114,1,,,
87,-39,92,-114,1,,,
87,-37,92,-113,1,,,
87,-37,92,-113,1,,,
87,-37,92,-113,1,,,
90,-32,92,-109,1,,,
90,-32,92,-109,1,,,
90,-32,92,-109,1,,,
90,-32,92,-109,1,,,
95,-25,98,-104,1,,,
95,-25,98,-104,1,,,
95,-25,98,-104,1,,,
98,-22,98,-102,1,,,
98,-22,98,-102,1,,,
98,-22,98,-102,1,,,
94,-27,94,-106,1,,,
94,-27,94,-106,1,,,
94,-27,94,-106,1,,,
94,-27,94,-106,1,,,
90,-37,87,-112,1,,,
90,-37,87,-112,1,,,
90,-37,87,-112,1,,,
86,-45,86,-117,1,,,
86,-45,86,-117,1,,,
86,-45,86,-117,1,,,
83,-49,90,-120,1,,,
83,-49,90,-120,1,,,
83,-49,90,-120,1,,,
84,-49,88,-120,1,,,
84,-49,88,-120,1,,,
84,-49,88,-120,1,,,
84,-49,88,-120,1,,,
86,-45,91,-117,1,,,
86,-45,91,-117,1,,,
86,-45,91,-117,1,,,
91,-39,96,-113,1,,,
91,-39,96,-113,1,,,
91,-39,96,-113,1,,,
98,-39,103,-111,1,,,
98,-39,103,-111,1,,,
98,-39,103,-111,1,,,
91,-37,94,-112,1,,,
91,-37,94,-112,1,,,
91,-37,94,-112,1,,,
91,-37,94,-112,1,,,
86,-45,90,-117,1,,,
86,-45,90,-117,1,,,
86,-45,90,-117,1,,,
80,-54,92,-124,1,,,
80,-54,92,-124,1,,,
80,-54,92,-124,1,,,
75,-61,90,-129,1,,,
75,-61,90,-129,1,,,
75,-61,90,-129,1,,,
75,-61,90,-129,1,,,
73,-65,90,-131,1,,,
73,-65,90,-131,1,,,
73,-65,90,-131,1,,,
74,-63,92,-130,1,,,
74,-63,92,-130,1,,,
74,-63,92,-130,1,,,
77,-59,93,-127,1,,,
77,-59,93,-127,1,,,
77,-59,93,-127,1,,,
79,-55,99,-124,1,,,
79,-55,99,-124,1,,,
79,-55,99,-124,1,,,
79,-55,99,-124,1,,,
79,-58,98,-126,1,,,
79,-58,98,-126,1,,,
79,-58,98,-126,1,,,
75,-62,96,-129,1,,,
75,-62,96,-129,1,,,
75,-62,96,-129,1,,,
72,-64,92,-131,1,,,
72,-64,92,-131,1,,,
72,-64,92,-131,1,,,
73,-62,96,-130,1,,,
73,-62,96,-130,1,,,
73,-62,96,-130,1,,,
73,-62,96,-130,1,,,
75,-59,100,-128,1,,,
75,-59,100,-128,1,,,
75,-59,100,-128,1,,,
76,-58,110,-127,1,,,
76,-58,110,-127,1,,,
76,-58,110,-127,1,,,
71,-61,108,-130,1,,,
71,-61,108,-130,1,,,
71,-61,108,-130,1,,,
71,-61,108,-130,1,,,
65,-66,111,-135,1,,,
65,-66,111,-135,1,,,
65,-66,111,-135,1,,,
56,-69,117,-140,1,,,
56,-69,117,-140,1,,,
56,-69,117,-140,1,,,
47,-74,133,-147,1,,,
47,-74,133,-147,1,,,
47,-74,133,-147,1,,,
39,-75,144,-152,1,,,
39,-75,144,-152,1,,,
39,-75,144,-152,1,,,
39,-75,144,-152,1,,,
31,-77,157,-158,1,,,
31,-77,157,-158,1,,,
31,-77,157,-158,1,,,
25,-79,164,-162,1,,,
25,-79,164,-162,1,,,
25,-79,164,-162,1,,,
17,-80,166,-168,1,,,
17,-80,166,-168,1,,,
17,-80,166,-168,1,,,
11,-80,170,-172,1,,,
11,-80,170,-172,1,,,
11,-80,170,-172,1,,,
11,-80,170,-172,1,,,
5,-80,168,-176,1,,,
5,-80,168,-176,1,,,
5,-80,168,-176,1,,,
-1,-80,162,179,1,,,
-1,-80,162,179,1,,,
-1,-80,162,179,1,,,
-9,-81,152,173,101,,,
-9,-81,152,173,101,,,
-9,-81,152,173,101,,,
-9,-81,152,173,101,,,
-16,-80,141,168,129,,,
-16,-80,141,168,129,,,
-16,-80,141,168,129,,,
-23,-78,133,163,131,,,
-23,-78,133,163,131,,,
-23,-78,133,163,131,,,
-27,-76,132,160,128,,,
-27,-76,132,160,128,,,
-27,-76,132,160,128,,,
-35,-74,109,154,128,,,
-35,-74,109,154,128,,,
-35,-74,109,154,128,,,
-35,-74,109,154,128,,,
-40,-72,102,150,128,,,
-40,-72,102,150,128,,,
-40,-72,102,150,128,,,
-44,-70,98,147,127,,,
-44,-70,98,147,127,,,
-44,-70,98,147,127,,,
-47,-67,96,144,127,,,
-47,-67,96,144,127,,,
-47,-67,96,144,127,,,
-52,-64,108,140,127,,,
-52,-64,108,140,127,,,
-52,-64,108,140,127,,,
-63,-58,128,132,128,,,
-63,-58,128,132,128,,,
-63,-58,128,132,128,,,
-63,-58,128,132,128,,,
-60,-56,94,133,128,,,
-60,-56,94,133,128,,,
-60,-56,94,133,128,,,
-64,-52,95,129,135,,,
-64,-52,95,129,135,,,
-64,-52,95,129,135,,,
-71,-48,125,124,136,,,
-71,-48,125,124,136,,,
-71,-48,125,124,136,,,
-72,-45,121,122,135,,,
-72,-45,121,122,135,,,
-72,-45,121,122,135,,,
-72,-45,121,122,135,,,
-70,-43,89,121,131,,,
-70,-43,89,121,131,,,
-70,-43,89,121,131,,,
-72,-39,88,118,130,,,
-72,-39,88,118,130,,,
-72,-39,88,118,130,,,
-75,-32,84,113,131,,,
-75,-32,84,113,131,,,
-75,-32,84,113,131,,,
-77,-27,87,109,130,,,
-77,-27,87,109,130,,,
-77,-27,87,109,130,,,
-77,-27,87,109,130,,,
-76,-28,86,110,131,,,
-76,-28,86,110,131,,,
-76,-28,86,110,131,,,
-73,-35,82,115,147,,,
-73,-35,82,115,147,,,
-73,-35,82,115,147,,,
-70,-42,82,120,130,,,
-70,-42,82,120,130,,,
-70,-42,82,120,130,,,
-69,-45,78,123,128,,,
-69,-45,78,123,128,,,
-69,-45,78,123,128,,,
-69,-45,78,123,128,,,
-71,-43,82,121,125,,,
-71,-43,82,121,125,,,
-71,-43,82,121,125,,,
-73,-38,81,117,128,,,
-73,-38,81,117,128,,,
-73,-38,81,117,128,,,
-74,-34,80,114,127,,,
-74,-34,80,114,127,,,
-74,-34,80,114,127,,,
-73,-36,82,116,130,,,
-73,-36,82,116,130,,,
-73,-36,82,116,130,,,
-73,-36,82,116,130,,,
-71,-41,81,120,130,,,
-71,-41,81,120,130,,,
-71,-41,81,120,130,,,
-67,-48,78,125,131,,,
-67,-48,78,125,131,,,
-67,-48,78,125,131,,,
-66,-51,78,127,130,,,
-66,-51,78,127,130,,,
-66,-51,78,127,130,,,
-67,-48,80,125,131,,,
-67,-48,80,125,131,,,
-67,-48,80,125,131,,,
-67,-48,80,125,131,,,
-71,-44,81,121,132,,,
-71,-44,81,121,132,,,
-71,-44,81,121,132,,,
-72,-40,84,119,129,,,
-72,-40,84,119,129,,,
-72,-40,84,119,129,,,
-70,-43,84,121,131,,,
-70,-43,84,121,131,,,
-70,-43,84,121,131,,,
-65,-50,80,127,132,,,
-65,-50,80,127,132,,,
-65,-50,80,127,132,,,
-65,-50,80,127,132,,,
-59,-57,80,134,76,,,
-59,-57,80,134,76,,,
-59,-57,80,134,76,,,
-58,-60,78,135,122,,,
-58,-60,78,135,122,,,
-58,-60,78,135,122,,,
-60,-58,82,134,125,,,
-60,-58,82,134,125,,,
-60,-58,82,134,125,,,
-64,-52,90,129,133,,,
-64,-52,90,129,133,,,
-64,-52,90,129,133,,,
-66,-50,96,127,128,,,
-66,-50,96,127,128,,,
-66,-50,96,127,128,,,
-66,-50,96,127,128,,,
-65,-51,98,128,137,,,
-65,-51,98,128,137,,,
-65,-51,98,128,137,,,
-61,-56,91,132,132,,,
-61,-56,91,132,132,,,
-61,-56,91,132,132,,,
-55,-62,86,138,129,,,
-55,-62,86,138,129,,,
-55,-62,86,138,129,,,
-55,-62,86,139,129,,,
-54,-63,87,139,129,,,
-54,-63,87,139,129,,,
-54,-63,87,139,129,,,
-56,-62,93,137,139,,,
-56,-62,93,137,139,,,
-56,-62,93,137,139,,,
-61,-58,103,133,131,,,
-61,-58,103,133,131,,,
-61,-58,103,133,131,,,
-67,-55,127,129,80,,,
-67,-55,127,129,80,,,
-67,-55,127,129,80,,,
-64,-57,128,131,125,,,
-64,-57,128,131,125,,,
-64,-57,128,131,125,,,
-64,-57,128,131,125,,,
-54,-64,105,139,135,,,
-54,-64,105,139,135,,,
-54,-64,105,139,135,,,
-54,-64,106,139,125,,,
-54,-64,106,139,125,,,
-54,-64,106,139,125,,,
-54,-63,94,139,128,,,
-54,-63,94,139,128,,,
-54,-63,94,139,128,,,
-58,-60,106,135,127,,,
-58,-60,106,135,127,,,
-58,-60,106,135,127,,,
-58,-60,106,135,127,,,
-58,-59,96,135,126,,,
-58,-59,96,135,126,,,
-58,-59,96,135,126,,,
-56,-61,94,137,125,,,
-56,-61,94,137,125,,,
-56,-61,94,137,125,,,
-54,-65,108,140,128,,,
-54,-65,108,140,128,,,
-54,-65,108,140,128,,,
-48,-68,99,144,126,,,
-48,-68,99,144,126,,,
-48,-68,99,144,126,,,
-48,-68,99,144,126,,,
-48,-68,94,144,129,,,
-48,-68,94,144,129,,,
-48,-68,94,144,129,,,
-57,-63,136,137,131,,,
-57,-63,136,137,131,,,
-57,-63,136,137,131,,,
-55,-62,110,138,124,,,
-55,-62,110,138,124,,,
-55,-62,110,138,124,,,
-60,-58,126,134,122,,,
-60,-58,126,134,122,,,
-60,-58,126,134,122,,,
-60,-58,126,134,122,,,
-61,-60,136,134,122,,,
-61,-60,136,134,122,,,
-61,-60,136,134,122,,,
-56,-64,135,138,124,,,
-56,-64,135,138,124,,,
-56,-64,135,138,124,,,
-45,-70,97,147,124,,,
-45,-70,97,147,124,,,
-45,-70,97,147,124,,,
-44,-71,98,148,124,,,
-44,-71,98,148,124,,,
-44,-71,98,148,124,,,
-44,-71,98,148,124,,,
-44,-70,98,147,124,,,
-44,-70,98,147,124,,,
-44,-70,98,147,124,,,
-43,-72,98,149,89,,,
-43,-72,98,149,89,,,
-43,-72,98,149,89,,,
-37,-73,122,153,125,,,
-37,-73,122,153,125,,,
-37,-73,122,153,125,,,
-37,-75,110,153,126,,,
-37,-75,110,153,126,,,
-37,-75,110,153,126,,,
-37,-75,110,153,126,,,
-35,-75,111,154,127,,,
-35,-75,111,154,127,,,
-35,-75,111,154,127,,,
-37,-74,112,153,127,,,
-37,-74,112,153,127,,,
-37,-74,112,153,127,,,
-36,-74,123,154,124,,,
-36,-74,123,154,124,,,
-36,-74,123,154,124,,,
-38,-73,117,152,133,,,
-38,-73,117,152,133,,,
-38,-73,117,152,133,,,
-38,-73,117,152,133,,,
-36,-74,122,154,125,,,
-36,-74,122,154,125,,,
-36,-74,122,154,125,,,
-37,-75,106,153,126,,,
-37,-75,106,153,126,,,
-37,-75,106,153,126,,,
-37,-75,112,153,132,,,
-37,-75,112,153,132,,,
-37,-75,112,153,132,,,
-35,-75,122,154,127,,,
-35,-75,122,154,127,,,
-35,-75,122,154,127,,,
-35,-75,122,154,127,,,
-39,-74,98,152,126,,,
-39,-74,98,152,126,,,
-39,-74,98,152,126,,,
-40,-73,98,151,127,,,
-40,-73,98,151,127,,,
-40,-73,98,151,127,,,
-42,-72,100,149,127,,,
-42,-72,100,149,127,,,
-42,-72,100,149,127,,,
-44,-70,96,147,130,,,
-44,-70,96,147,130,,,
-44,-70,96,147,130,,,
-44,-70,96,147,130,,,
-48,-68,95,144,83,,,
-48,-68,95,144,83,,,
-48,-68,95,144,83,,,
-59,-64,130,137,127,,,
-59,-64,130,137,127,,,
-59,-64,130,137,127,,,
-60,-62,131,135,132,,,
-60,-62,131,135,132,,,
-60,-62,131,135,132,,,
-58,-61,106,136,126,,,
-58,-61,106,136,126,,,
-58,-61,106,136,126,,,
-63,-59,128,133,126,,,
-63,-59,128,133,126,,,
-63,-59,128,133,126,,,
-63,-59,128,133,126,,,
-64,-58,129,132,123,,,
-64,-58,129,132,123,,,
-64,-58,129,132,123,,,
-65,-59,126,132,121,,,
-65,-59,126,132,121,,,
-65,-59,126,132,121,,,
-59,-62,104,136,122,,,
-59,-62,104,136,122,,,
-59,-62,104,136,122,,,
-62,-63,130,135,82,,,
-62,-63,130,135,82,,,
-62,-63,130,135,82,,,
-62,-63,130,135,82,,,
-53,-67,106,141,121,,,
-53,-67,106,141,121,,,
-53,-67,106,141,121,,,
-48,-70,92,145,132,,,
-48,-70,92,145,132,,,
-48,-70,92,145,132,,,
-48,-71,94,145,123,,,
-48,-71,94,145,123,,,
-48,-71,94,145,123,,,
-48,-70,96,145,122,,,
-48,-70,96,145,122,,,
-48,-70,96,145,122,,,
-47,-68,98,145,122,,,
-47,-68,98,145,122,,,
-47,-68,98,145,122,,,
-47,-68,98,145,122,,,
-41,-71,118,149,123,,,
-41,-71,118,149,123,,,
-41,-71,118,149,123,,,
-34,-74,128,155,127,,,
-34,-74,128,155,127,,,
-34,-74,128,155,127,,,
-30,-77,127,158,95,,,
-30,-77,127,158,95,,,
-30,-77,127,158,95,,,
-30,-77,127,158,95,,,
-27,-78,130,160,133,,,
-27,-78,130,160,133,,,
-27,-78,130,160,133,,,
-24,-80,134,163,129,,,
-24,-80,134,163,129,,,
-24,-80,134,163,129,,,
-20,-81,138,166,135,,,
-20,-81,138,166,135,,,
-20,-81,138,166,135,,,
-19,-81,132,166,131,,,
-19,-81,132,166,131,,,
-19,-81,132,166,131,,,
-18,-81,134,167,132,,,
-18,-81,134,167,132,,,
-18,-81,134,167,132,,,
-18,-81,134,167,132,,,
-18,-81,132,167,131,,,
-18,-81,132,167,131,,,
-18,-81,132,167,131,,,
-16,-82,136,168,135,,,
-16,-82,136,168,135,,,
-16,-82,136,168,135,,,
-13,-83,140,171,131,,,
-13,-83,140,171,131,,,
-13,-83,140,171,131,,,
-9,-84,142,173,1,,,
-9,-84,142,173,1,,,
-9,-84,142,173,1,,,
-9,-84,142,173,1,,,
-6,-83,141,175,1,,,
-6,-83,141,175,1,,,
-6,-83,141,175,1,,,
-5,-83,144,176,133,,,
-5,-83,144,176,133,,,
-5,-83,144,176,133,,,
-5,-83,144,176,132,,,
-5,-83,144,176,132,,,
-5,-83,144,176,132,,,
-4,-83,146,177,132,,,
-4,-83,146,177,132,,,
-4,-83,146,177,132,,,
-4,-83,146,177,132,,,
-3,-83,146,177,1,,,
-3,-83,146,177,1,,,
-3,-83,146,177,1,,,
-3,-83,145,177,136,,,
-3,-83,145,177,136,,,
-3,-83,145,177,136,,,
-4,-83,145,177,135,,,
-4,-83,145,177,135,,,
-4,-83,145,177,135,,,
-4,-84,144,177,136,,,
-4,-84,144,177,136,,,
-4,-84,144,177,136,,,
-4,-84,144,177,136,,,
-4,-83,144,177,136,,,
-4,-83,144,177,136,,,
-4,-83,144,177,136,,,
-5,-83,144,176,135,,,
-5,-83,144,176,135,,,
-5,-83,144,176,135,,,
-5,-83,144,176,132,,,
-5,-83,144,176,132,,,
-5,-83,144,176,132,,,
-5,-83,144,176,1,,,
-5,-83,144,176,1,,,
-5,-83,144,176,1,,,
-5,-83,144,176,1,,,
-5,-83,144,176,136,,,
-5,-83,144,176,136,,,
-5,-83,144,176,136,,,
-5,-83,144,176,1,,,
-5,-83,144,176,1,,,
-5,-83,144,176,1,,,
-5,-83,144,176,132,,,
-5,-83,144,176,132,,,
-5,-83,144,176,132,,,
-5,-83,144,176,132,,,
-5,-83,144,176,132,,,
-5,-83,144,176,132,,,
-5,-83,144,176,132,,,
-5,-83,144,176,1,,,
-5,-83,144,176,1,,,
-5,-83,144,176,1,,,
-5,-83,144,176,133,,,
-5,-83,144,176,133,,,
-5,-83,144,176,133,,,
-5,-83,144,176,134,,,
-5,-83,144,176,134,,,
-5,-83,144,176,134,,,
-5,-83,144,176,134,,,
-5,-83,144,176,132,,,
-5,-83,144,176,132,,,
-5,-83,144,176,132,,,
-4,-83,145,177,132,,,
-4,-83,145,177,132,,,
-4,-83,145,177,132,,,
-5,-83,144,176,132,,,
-5,-83,144,176,132,,,
-5,-83,144,176,132,,,
-4,-83,146,177,132,,,
-4,-83,146,177,132,,,
-4,-83,146,177,132,,,
-4,-83,146,177,132,,,
-5,-83,144,176,132,,,
-5,-83,144,176,132,,,
-5,-83,144,176,132,,,
-4,-83,144,177,133,,,
-4,-83,144,177,133,,,
-4,-83,144,177,133,,,
-5,-83,144,176,132,,,
-5,-83,144,176,132,,,
-5,-83,144,176,132,,,
-5,-83,144,176,136,,,
-5,-83,144,176,136,,,
-5,-83,144,176,136,,,
-5,-83,144,176,136,,,
-5,-83,144,176,132,,,
-5,-83,144,176,132,,,
-5,-83,144,176,132,,,
-5,-83,144,176,134,,,
-5,-83,144,176,134,,,
-5,-83,144,176,134,,,
-5,-84,144,176,135,,,
-5,-84,144,176,135,,,
-5,-84,144,176,135,,,
-5,-83,144,176,136,,,
-5,-83,144,176,136,,,
-5,-83,144,176,136,,,
-5,-83,144,176,136,,,
-5,-83,144,176,133,,,
-5,-83,144,176,133,,,
-5,-83,144,176,133,,,
-4,-83,144,177,132,,,
-4,-83,144,177,132,,,
-4,-83,144,177,132,,,
-5,-83,144,176,135,,,
-5,-83,144,176,135,,,
-5,-83,144,176,135,,,
-5,-83,144,176,135,,,
-5,-83,144,176,135,,,
-5,-83,144,176,135,,,
-5,-83,144,176,135,,,
-4,-83,144,177,132,,,
-4,-83,144,177,132,,,
-4,-83,144,177,132,,,
-4,-83,144,177,1,,,
-4,-83,144,177,1,,,
-4,-83,144,177,1,,,
-5,-84,144,176,135,,,
-5,-84,144,176,135,,,
-5,-84,144,176,135,,,
-5,-84,144,176,135,,,
-5,-83,144,176,132,,,
-5,-83,144,176,132,,,
-5,-83,144,176,132,,,
-5,-83,144,176,1,,,
-5,-83,144,176,1,,,
-5,-83,144,176,1,,,
-4,-83,144,177,132,,,
-4,-83,144,177,132,,,
-4,-83,144,177,132,,,
-4,-83,145,177,134,,,
-4,-83,145,177,134,,,
-4,-83,145,177,134,,,
-4,-83,145,177,134,,,
-4,-83,144,177,132,,,
-4,-83,144,177,132,,,